path,ref_count_approx,first_hit
.aider.chat.history.md,6,/mnt/c/Users/mike/Downloads/capstone/dir_listing.txt
.aider.conf.yml,6,/mnt/c/Users/mike/Downloads/capstone/dir_listing.txt
.aider.input.history,6,/mnt/c/Users/mike/Downloads/capstone/dir_listing.txt
.aiderignore,3,/mnt/c/Users/mike/Downloads/capstone/dir_listing.txt
.env,5477,/mnt/c/Users/mike/Downloads/capstone/docker-compose.yml
.env.example,5493,/mnt/c/Users/mike/Downloads/capstone/export_agentb.sh
.gitattributes,3,/mnt/c/Users/mike/Downloads/capstone/export_agentb.sh
.gitignore,18,/mnt/c/Users/mike/Downloads/capstone/add_heva_clean_targets.sh
.gitignore.bak.2025-10-11-150758,4,/mnt/c/Users/mike/Downloads/capstone/_inventory/refs_summary.csv
.pre-commit-config.yaml,8,/mnt/c/Users/mike/Downloads/capstone/dir_listing.txt
.ruffignore,4,/mnt/c/Users/mike/Downloads/capstone/dir_listing.txt
0a_merge_json.py,6,/mnt/c/Users/mike/Downloads/capstone/_inventory/files_inventory.csv
1a.before.tex,6,/mnt/c/Users/mike/Downloads/capstone/dir_listing.txt
1b.after.tex,6,/mnt/c/Users/mike/Downloads/capstone/_inventory/refs_summary.csv
add_heva_clean_targets.sh,6,/mnt/c/Users/mike/Downloads/capstone/_inventory/refs_summary.csv
add_heva_quick_help.sh,8,/mnt/c/Users/mike/Downloads/capstone/_inventory/refs_summary.csv
AIDER_CONTEXT_AGENTB.md,14,/mnt/c/Users/mike/Downloads/capstone/_inventory/refs_summary.csv
Article_Storage.Article_Collection_2025.json,8,/mnt/c/Users/mike/Downloads/capstone/dir_listing.txt
capstone.code-workspace,387,/mnt/c/Users/mike/Downloads/capstone/dir_listing.txt
checkpoint.json,145,/mnt/c/Users/mike/Downloads/capstone/_inventory/refs_summary.csv
combined.json,1054,/mnt/c/Users/mike/Downloads/capstone/export_agentb.sh
conftest.py,14,/mnt/c/Users/mike/Downloads/capstone/_inventory/refs_summary.csv
dir_listing.txt,58,/mnt/c/Users/mike/Downloads/capstone/_inventory/refs_summary.csv
docker-compose.yml,92,/mnt/c/Users/mike/Downloads/capstone/_inventory/refs_summary.csv
Dockerfile,31,/mnt/c/Users/mike/Downloads/capstone/dir_listing.txt
export_agentb.sh,36,/mnt/c/Users/mike/Downloads/capstone/_inventory/refs_summary.csv
how_to_run.txt,10,/mnt/c/Users/mike/Downloads/capstone/dir_listing.txt
install.cmd,11291,/mnt/c/Users/mike/Downloads/capstone/dir_listing.txt
lands.csv,4527,/mnt/c/Users/mike/Downloads/capstone/dir_listing.txt
latest_recommendations.txt,6,/mnt/c/Users/mike/Downloads/capstone/_inventory/refs_summary.csv
Makefile,48,/mnt/c/Users/mike/Downloads/capstone/README.md
Makefile.addon,51,/mnt/c/Users/mike/Downloads/capstone/_inventory/refs_summary.csv
Makefile.bak.heva_quick_help,24,/mnt/c/Users/mike/Downloads/capstone/_inventory/files_inventory.csv
Makefile.bak.heva_quick_help_norm,22,/mnt/c/Users/mike/Downloads/capstone/_inventory/refs_summary.csv
ner_training.txt,16,/mnt/c/Users/mike/Downloads/capstone/export_agentb.sh
ner_vector_output.csv,6,/mnt/c/Users/mike/Downloads/capstone/_inventory/refs_summary.csv
nohup.out,11,/mnt/c/Users/mike/Downloads/capstone/export_agentb.sh
one.jsonl,69494,/mnt/c/Users/mike/Downloads/capstone/dir_listing.txt
original_combined.json,6,/mnt/c/Users/mike/Downloads/capstone/_inventory/refs_summary.csv
Paste-Ready Mega-Prompt for 13-Oct.txt,13,/mnt/c/Users/mike/Downloads/capstone/_inventory/refs_summary.csv
podman-compose.yml,8,/mnt/c/Users/mike/Downloads/capstone/export_agentb.sh
prompts_capstone.txt,6,/mnt/c/Users/mike/Downloads/capstone/_inventory/refs_summary.csv
PROMPT_AGENT_B.md,8,/mnt/c/Users/mike/Downloads/capstone/dir_listing.txt
PROMPT_ITERATION.md,8,/mnt/c/Users/mike/Downloads/capstone/_inventory/refs_summary.csv
pyproject.toml,22,/mnt/c/Users/mike/Downloads/capstone/export_agentb.sh
pytest.ini,95,/mnt/c/Users/mike/Downloads/capstone/_inventory/files_inventory.csv
Raw_Crawled_Fixed.json,8,/mnt/c/Users/mike/Downloads/capstone/dir_listing.txt
README.md,132,/mnt/c/Users/mike/Downloads/capstone/export_agentb.sh
requirements.txt,3235,/mnt/c/Users/mike/Downloads/capstone/dir_listing.txt
sample_cve.json,6,/mnt/c/Users/mike/Downloads/capstone/dir_listing.txt
scan_usage.py,12,/mnt/c/Users/mike/Downloads/capstone/_inventory/refs_summary.csv
train_ner_model.py,6,/mnt/c/Users/mike/Downloads/capstone/dir_listing.txt
wsl_safe_heva_checks.sh,4,/mnt/c/Users/mike/Downloads/capstone/_inventory/refs_summary.csv
wsl_safe_heva_combined_check.sh,6,/mnt/c/Users/mike/Downloads/capstone/_inventory/refs_summary.csv
.github/workflows/ci.yml,142301,/mnt/c/Users/mike/Downloads/capstone/_inventory/files_inventory.csv
.qdrant/raft_state.json,10,/mnt/c/Users/mike/Downloads/capstone/_inventory/refs_summary.csv
.qdrant/aliases/data.json,69752,/mnt/c/Users/mike/Downloads/capstone/dir_listing.txt
.ruff_cache/.gitignore,18,/mnt/c/Users/mike/Downloads/capstone/_inventory/refs_summary.csv
.ruff_cache/CACHEDIR.TAG,8,/mnt/c/Users/mike/Downloads/capstone/dir_listing.txt
agent_b/requirements.txt,3235,/mnt/c/Users/mike/Downloads/capstone/export_agentb.sh
agent_b/app/main.py,25439,/mnt/c/Users/mike/Downloads/capstone/AIDER_CONTEXT_AGENTB.md
api/Dockerfile,31,/mnt/c/Users/mike/Downloads/capstone/docker-compose.yml
api/qdrant_client.py,32,/mnt/c/Users/mike/Downloads/capstone/Dockerfile
api/requirements.txt,3235,/mnt/c/Users/mike/Downloads/capstone/Dockerfile
api/search_api_rich.py,30,/mnt/c/Users/mike/Downloads/capstone/_inventory/refs_summary.csv
api/__init__.py,110,/mnt/c/Users/mike/Downloads/capstone/dir_listing.txt
app/embeddings.py,44,/mnt/c/Users/mike/Downloads/capstone/_inventory/refs_summary.csv
app/indexer.py,32,/mnt/c/Users/mike/Downloads/capstone/export_agentb.sh
app/qdrant_setup.py,6,/mnt/c/Users/mike/Downloads/capstone/AIDER_CONTEXT_AGENTB.md
app/qdrant_utils.py,9,/mnt/c/Users/mike/Downloads/capstone/_inventory/refs_summary.csv
app/__init__.py,110,/mnt/c/Users/mike/Downloads/capstone/_inventory/refs_summary.csv
capstone_agent_a/.dockerignore,2,/mnt/c/Users/mike/Downloads/capstone/_inventory/refs_summary.csv
capstone_agent_a/.env.example,5493,/mnt/c/Users/mike/Downloads/capstone/Paste-Ready Mega-Prompt for 13-Oct.txt
capstone_agent_a/.gitignore,18,/mnt/c/Users/mike/Downloads/capstone/export_agentb.sh
capstone_agent_a/docker-compose.yml,92,/mnt/c/Users/mike/Downloads/capstone/dir_listing.txt
capstone_agent_a/Dockerfile,31,/mnt/c/Users/mike/Downloads/capstone/Paste-Ready Mega-Prompt for 13-Oct.txt
capstone_agent_a/Dockerfile.mcp,34,/mnt/c/Users/mike/Downloads/capstone/_inventory/refs_summary.csv
capstone_agent_a/Dockerfile.processor,34,/mnt/c/Users/mike/Downloads/capstone/_inventory/refs_summary.csv
capstone_agent_a/DOCKER_ARCHITECTURE.md,6,/mnt/c/Users/mike/Downloads/capstone/capstone_agent_a/DOCKER_QUICK_START.md
capstone_agent_a/DOCKER_QUICK_START.md,4,/mnt/c/Users/mike/Downloads/capstone/_inventory/refs_summary.csv
capstone_agent_a/DOCKER_USAGE.md,6,/mnt/c/Users/mike/Downloads/capstone/_inventory/refs_summary.csv
capstone_agent_a/Makefile,48,/mnt/c/Users/mike/Downloads/capstone/Makefile.bak.heva_quick_help
capstone_agent_a/out.tt,58754,/mnt/c/Users/mike/Downloads/capstone/_inventory/files_inventory.csv
capstone_agent_a/output.txt,1469,/mnt/c/Users/mike/Downloads/capstone/_inventory/refs_summary.csv
capstone_agent_a/pyproject.toml,22,/mnt/c/Users/mike/Downloads/capstone/_inventory/refs_summary.csv
capstone_agent_a/README.md,132,/mnt/c/Users/mike/Downloads/capstone/export_agentb.sh
capstone_agent_a/TESTING.md,10,/mnt/c/Users/mike/Downloads/capstone/_inventory/refs_summary.csv
capstone_agent_a/app/cli.py,13049,/mnt/c/Users/mike/Downloads/capstone/_inventory/refs_summary.csv
capstone_agent_a/app/config.py,9195,/mnt/c/Users/mike/Downloads/capstone/_inventory/refs_summary.csv
capstone_agent_a/app/dedup.py,133,/mnt/c/Users/mike/Downloads/capstone/_inventory/refs_summary.csv
capstone_agent_a/app/graph.py,4469,/mnt/c/Users/mike/Downloads/capstone/_inventory/files_inventory.csv
capstone_agent_a/app/logging_conf.py,11,/mnt/c/Users/mike/Downloads/capstone/_inventory/refs_summary.csv
capstone_agent_a/app/mcp_client.py,35,/mnt/c/Users/mike/Downloads/capstone/_inventory/refs_summary.csv
capstone_agent_a/app/memory.py,3568,/mnt/c/Users/mike/Downloads/capstone/_inventory/refs_summary.csv
capstone_agent_a/app/state.py,24334,/mnt/c/Users/mike/Downloads/capstone/_inventory/refs_summary.csv
capstone_agent_a/app/tool_proxy.py,19,/mnt/c/Users/mike/Downloads/capstone/_inventory/refs_summary.csv
capstone_agent_a/app/__init__.py,110,/mnt/c/Users/mike/Downloads/capstone/dir_listing.txt
capstone_agent_a/app/mcp_server/client.py,5237,/mnt/c/Users/mike/Downloads/capstone/AIDER_CONTEXT_AGENTB.md
capstone_agent_a/app/mcp_server/schemas.py,81,/mnt/c/Users/mike/Downloads/capstone/_inventory/refs_summary.csv
capstone_agent_a/app/mcp_server/server.py,19437,/mnt/c/Users/mike/Downloads/capstone/_inventory/refs_summary.csv
capstone_agent_a/app/mcp_server/transport_stdio.py,5,/mnt/c/Users/mike/Downloads/capstone/_inventory/refs_summary.csv
capstone_agent_a/app/mcp_server/transport_tcp.py,5,/mnt/c/Users/mike/Downloads/capstone/_inventory/refs_summary.csv
capstone_agent_a/app/mcp_server/__init__.py,110,/mnt/c/Users/mike/Downloads/capstone/Paste-Ready Mega-Prompt for 13-Oct.txt
capstone_agent_a/app/orchestrator/agent_repository.py,15,/mnt/c/Users/mike/Downloads/capstone/_inventory/refs_summary.csv
capstone_agent_a/app/orchestrator/__init__.py,110,/mnt/c/Users/mike/Downloads/capstone/_inventory/refs_summary.csv
capstone_agent_a/app/orchestrator/agents/agentic_orchestrator.py,144,/mnt/c/Users/mike/Downloads/capstone/_inventory/refs_summary.csv
capstone_agent_a/app/orchestrator/agents/base_agent.py,18,/mnt/c/Users/mike/Downloads/capstone/_inventory/refs_summary.csv
capstone_agent_a/app/orchestrator/agents/cve_agent.py,11,/mnt/c/Users/mike/Downloads/capstone/_inventory/refs_summary.csv
capstone_agent_a/app/orchestrator/agents/cyber_agent.py,11,/mnt/c/Users/mike/Downloads/capstone/_inventory/refs_summary.csv
capstone_agent_a/app/orchestrator/agents/detect_type_agent.py,11,/mnt/c/Users/mike/Downloads/capstone/_inventory/refs_summary.csv
capstone_agent_a/app/orchestrator/agents/entity_agent.py,15,/mnt/c/Users/mike/Downloads/capstone/_inventory/refs_summary.csv
capstone_agent_a/app/orchestrator/agents/fetch_agent.py,13,/mnt/c/Users/mike/Downloads/capstone/_inventory/refs_summary.csv
capstone_agent_a/app/orchestrator/agents/geo_motivation_agent.py,6,/mnt/c/Users/mike/Downloads/capstone/_inventory/refs_summary.csv
capstone_agent_a/app/orchestrator/agents/guardrails_helper.py,8,/mnt/c/Users/mike/Downloads/capstone/_inventory/refs_summary.csv
capstone_agent_a/app/orchestrator/agents/ioc_agent.py,12,/mnt/c/Users/mike/Downloads/capstone/_inventory/refs_summary.csv
capstone_agent_a/app/orchestrator/agents/mitre_agent.py,18,/mnt/c/Users/mike/Downloads/capstone/capstone_agent_a/TESTING.md
capstone_agent_a/app/orchestrator/agents/parse_agents.py,10,/mnt/c/Users/mike/Downloads/capstone/capstone_agent_a/TESTING.md
capstone_agent_a/app/orchestrator/agents/store_agent.py,10,/mnt/c/Users/mike/Downloads/capstone/_inventory/refs_summary.csv
capstone_agent_a/app/orchestrator/agents/summarize_agent.py,11,/mnt/c/Users/mike/Downloads/capstone/_inventory/refs_summary.csv
capstone_agent_a/app/orchestrator/agents/text_processor.py,9,/mnt/c/Users/mike/Downloads/capstone/_inventory/refs_summary.csv
capstone_agent_a/app/orchestrator/agents/validator_agent.py,10,/mnt/c/Users/mike/Downloads/capstone/_inventory/refs_summary.csv
capstone_agent_a/app/orchestrator/agents/__init__.py,110,/mnt/c/Users/mike/Downloads/capstone/_inventory/files_inventory.csv
capstone_agent_a/app/tools/cve.py,28931,/mnt/c/Users/mike/Downloads/capstone/_inventory/refs_summary.csv
capstone_agent_a/app/tools/detect_kind.py,13,/mnt/c/Users/mike/Downloads/capstone/_inventory/refs_summary.csv
capstone_agent_a/app/tools/http_fetch.py,17,/mnt/c/Users/mike/Downloads/capstone/_inventory/files_inventory.csv
capstone_agent_a/app/tools/ioc.py,2127,/mnt/c/Users/mike/Downloads/capstone/_inventory/refs_summary.csv
capstone_agent_a/app/tools/ip_classifier.py,8,/mnt/c/Users/mike/Downloads/capstone/_inventory/refs_summary.csv
capstone_agent_a/app/tools/nlp.py,79,/mnt/c/Users/mike/Downloads/capstone/_inventory/refs_summary.csv
capstone_agent_a/app/tools/pdf_extract.py,9,/mnt/c/Users/mike/Downloads/capstone/_inventory/refs_summary.csv
capstone_agent_a/app/tools/schema_validate.py,8,/mnt/c/Users/mike/Downloads/capstone/_inventory/refs_summary.csv
capstone_agent_a/app/tools/store_emit.py,21,/mnt/c/Users/mike/Downloads/capstone/_inventory/refs_summary.csv
capstone_agent_a/app/tools/__init__.py,110,/mnt/c/Users/mike/Downloads/capstone/_inventory/refs_summary.csv
capstone_agent_a/app/tools/parsers/html_to_markdown.py,21,/mnt/c/Users/mike/Downloads/capstone/_inventory/refs_summary.csv
capstone_agent_a/app/tools/parsers/json_normalize.py,9,/mnt/c/Users/mike/Downloads/capstone/_inventory/refs_summary.csv
capstone_agent_a/app/tools/parsers/misp_parse.py,14,/mnt/c/Users/mike/Downloads/capstone/_inventory/refs_summary.csv
capstone_agent_a/app/tools/parsers/pdf_to_text.py,8,/mnt/c/Users/mike/Downloads/capstone/_inventory/refs_summary.csv
capstone_agent_a/app/tools/parsers/rss_parse.py,11,/mnt/c/Users/mike/Downloads/capstone/_inventory/refs_summary.csv
capstone_agent_a/app/tools/parsers/stix_parse.py,14,/mnt/c/Users/mike/Downloads/capstone/_inventory/refs_summary.csv
capstone_agent_a/app/tools/parsers/__init__.py,110,/mnt/c/Users/mike/Downloads/capstone/Paste-Ready Mega-Prompt for 13-Oct.txt
capstone_agent_a/data/kev_cache.json,15,/mnt/c/Users/mike/Downloads/capstone/_inventory/refs_summary.csv
capstone_agent_a/data/mitre_attack.json,6,/mnt/c/Users/mike/Downloads/capstone/_inventory/refs_summary.csv
capstone_agent_a/out/790ba6ef45c20875dbed38ac0f939c3ff5cd1088ca2bb5dc12bc1c5d61b5562a.json,4,/mnt/c/Users/mike/Downloads/capstone/_inventory/refs_summary.csv
capstone_agent_a/out/cti_1760026655_1.json,4,/mnt/c/Users/mike/Downloads/capstone/_inventory/refs_summary.csv
capstone_agent_a/out/cti_1760026793_2.json,4,/mnt/c/Users/mike/Downloads/capstone/_inventory/refs_summary.csv
capstone_agent_a/out/cti_1760026934_3.json,4,/mnt/c/Users/mike/Downloads/capstone/_inventory/refs_summary.csv
capstone_agent_a/out/cti_1760026987_4.json,4,/mnt/c/Users/mike/Downloads/capstone/_inventory/refs_summary.csv
capstone_agent_a/out/cti_1760027069_5.json,4,/mnt/c/Users/mike/Downloads/capstone/_inventory/refs_summary.csv
capstone_agent_a/out/cti_1760027152_6.json,4,/mnt/c/Users/mike/Downloads/capstone/_inventory/refs_summary.csv
capstone_agent_a/out/cti_1760027371_7.json,4,/mnt/c/Users/mike/Downloads/capstone/_inventory/refs_summary.csv
capstone_agent_a/out/cti_1760027472_8.json,4,/mnt/c/Users/mike/Downloads/capstone/_inventory/refs_summary.csv
capstone_agent_a/out/cti_1760027734_9.json,4,/mnt/c/Users/mike/Downloads/capstone/_inventory/refs_summary.csv
capstone_agent_a/out/cti_1760027860_10.json,4,/mnt/c/Users/mike/Downloads/capstone/_inventory/refs_summary.csv
capstone_agent_a/out/cti_1760027917_11.json,4,/mnt/c/Users/mike/Downloads/capstone/_inventory/refs_summary.csv
capstone_agent_a/out/cti_1760028012_12.json,4,/mnt/c/Users/mike/Downloads/capstone/_inventory/refs_summary.csv
capstone_agent_a/out/cti_1760028064_13.json,4,/mnt/c/Users/mike/Downloads/capstone/_inventory/refs_summary.csv
capstone_agent_a/out/cti_1760028163_14.json,4,/mnt/c/Users/mike/Downloads/capstone/_inventory/refs_summary.csv
capstone_agent_a/out/cti_1760028229_15.json,4,/mnt/c/Users/mike/Downloads/capstone/_inventory/refs_summary.csv
capstone_agent_a/out/cti_1760028352_16.json,4,/mnt/c/Users/mike/Downloads/capstone/_inventory/files_inventory.csv
capstone_agent_a/out/cti_1760028413_17.json,4,/mnt/c/Users/mike/Downloads/capstone/_inventory/refs_summary.csv
capstone_agent_a/out/cti_1760028481_18.json,4,/mnt/c/Users/mike/Downloads/capstone/_inventory/refs_summary.csv
capstone_agent_a/out/cti_1760028566_19.json,4,/mnt/c/Users/mike/Downloads/capstone/_inventory/files_inventory.csv
capstone_agent_a/out/cti_1760028723_20.json,4,/mnt/c/Users/mike/Downloads/capstone/_inventory/refs_summary.csv
capstone_aws_data/sync_capstone_aws_webscrap.ps1,6,/mnt/c/Users/mike/Downloads/capstone/_inventory/refs_summary.csv
capstone_aws_data/exports/cti/sync_log_20250920_170158.txt,6,/mnt/c/Users/mike/Downloads/capstone/_inventory/refs_summary.csv
docs/HEVA_QDRANT_HELPERS.md,6,/mnt/c/Users/mike/Downloads/capstone/export_agentb.sh
legacy/cleanup_20251102_150911/chunk_and_ingest.py.bak3,11,/mnt/c/Users/mike/Downloads/capstone/_inventory/refs_summary.csv
legacy/cleanup_20251102_154540/Makefile.bak.heva_patch,22,/mnt/c/Users/mike/Downloads/capstone/_inventory/files_inventory.csv
legacy/cleanup_20251102_154540/Makefile.bak.qdr_since_repair,22,/mnt/c/Users/mike/Downloads/capstone/_inventory/refs_summary.csv
ner/regex_patterns.py,17,/mnt/c/Users/mike/Downloads/capstone/_inventory/refs_summary.csv
ner/__init__.py,110,/mnt/c/Users/mike/Downloads/capstone/_inventory/refs_summary.csv
ner_model/checkpoint-3/config.json,9219,/mnt/c/Users/mike/Downloads/capstone/_inventory/refs_summary.csv
ner_model/checkpoint-3/special_tokens_map.json,6,/mnt/c/Users/mike/Downloads/capstone/dir_listing.txt
ner_model/checkpoint-3/tokenizer.json,19,/mnt/c/Users/mike/Downloads/capstone/dir_listing.txt
ner_model/checkpoint-3/tokenizer_config.json,6,/mnt/c/Users/mike/Downloads/capstone/dir_listing.txt
ner_model/checkpoint-3/trainer_state.json,6,/mnt/c/Users/mike/Downloads/capstone/_inventory/refs_summary.csv
ner_model/checkpoint-3/vocab.txt,39,/mnt/c/Users/mike/Downloads/capstone/dir_listing.txt
qdrant_storage/.lock,13476,/mnt/c/Users/mike/Downloads/capstone/Makefile
qdrant_storage/raft_state.json,10,/mnt/c/Users/mike/Downloads/capstone/_inventory/refs_summary.csv
qdrant_storage/aliases/data.json,69752,/mnt/c/Users/mike/Downloads/capstone/dir_listing.txt
scripts/backfill_ingested_at_ts.py,4,/mnt/c/Users/mike/Downloads/capstone/_inventory/refs_summary.csv
scripts/backfill_published_at_ts.py,4,/mnt/c/Users/mike/Downloads/capstone/_inventory/refs_summary.csv
scripts/chunk_and_ingest.py,18,/mnt/c/Users/mike/Downloads/capstone/export_agentb.sh
scripts/fetch_artifacts.sh,4,/mnt/c/Users/mike/Downloads/capstone/_inventory/refs_summary.csv
scripts/healthcheck.sh,33,/mnt/c/Users/mike/Downloads/capstone/dir_listing.txt
scripts/iterate_heva.sh,6,/mnt/c/Users/mike/Downloads/capstone/_inventory/refs_summary.csv
scripts/list_files_usage.sh,12,/mnt/c/Users/mike/Downloads/capstone/Makefile.addon
scripts/pytest_health.sh,6,/mnt/c/Users/mike/Downloads/capstone/_inventory/refs_summary.csv
scripts/qdrant_set_payload.py,9,/mnt/c/Users/mike/Downloads/capstone/_inventory/refs_summary.csv
scripts/qdr_helpers.sh,18,/mnt/c/Users/mike/Downloads/capstone/docs/HEVA_QDRANT_HELPERS.md
scripts/qdr_since.sh,16,/mnt/c/Users/mike/Downloads/capstone/Makefile
scripts/restart_api.sh,10,/mnt/c/Users/mike/Downloads/capstone/_inventory/files_inventory.csv
tests/test_all.py,8,/mnt/c/Users/mike/Downloads/capstone/_inventory/refs_summary.csv
tests/test_all.py.tmp,6,/mnt/c/Users/mike/Downloads/capstone/_inventory/refs_summary.csv
tests/test_app.py,11,/mnt/c/Users/mike/Downloads/capstone/_inventory/refs_summary.csv
tests/test_clock_guard.py,4,/mnt/c/Users/mike/Downloads/capstone/_inventory/refs_summary.csv
tests/test_service.py,8,/mnt/c/Users/mike/Downloads/capstone/_inventory/refs_summary.csv
tests/test_smoke_external.py,6,/mnt/c/Users/mike/Downloads/capstone/dir_listing.txt
tools/llm_refactor.py,6,/mnt/c/Users/mike/Downloads/capstone/_inventory/refs_summary.csv
_inventory/files_inventory.csv,30,/mnt/c/Users/mike/Downloads/capstone/_inventory/refs_summary.csv
_inventory/refs_summary.csv,260,/mnt/c/Users/mike/Downloads/capstone/_inventory/refs_summary.csv
